KEGGnum	b14_27	b14_01	b14_02	b14_10	b14_20	b14_21	b14_24
K00016	NA	NA	NA	NA	NA	2664.47	NA
K00031	12562.36	6971.33	4648.76	4696.94	3846.94	6274.678	8603.82
K00128	6117.64	3377.06	NA	8041.47	4788.8	3999.93	5291.87
K00134	247209	730757	389688	202464	250229	232519	379062
K00414	12268.6	NA	NA	NA	NA	NA	NA
K00522	53092.2	230117	231946	55750.9	130770	30008.9	128357
K00688	61535.1	63217.4	63617.5	51045.3	53503.8	29278.2	69673
K00699	NA	NA	NA	NA	NA	3807.74	6273.02
K00873	23105.8	20091.4	19099.6	8720.24	8420.31	7616.78	22701.2
K00940	13427.6	NA	5050.07	5699.95	8079.15	100204.53	70296.99
K01047	439454.5	606804.5	601545.48	922724.7	483262.9	736151.85	753888.46
K01077	580982.7	553596	931284	698835	686287	2888946.15	1482882.5
K01128	36847.7	12776.2	17689.1	NA	8132.75	29041.6	19354.1
K01168	NA	NA	14952.8	12936.9	NA	33302.2	37489.1
K01176	567144	292711	1780655.75	2207950	2679873.8	2540440	3849360
K01203	NA	22984.1	34372.6	33824.9	21902	27557.6	38248.6
K01206	NA	2304.01	NA	NA	NA	NA	NA
K01273	337360	166415	218096	181447	121096	403711	302458
K01278	23673.1	100198	125473	102711	70927.4	100881	123136
K01279	7555.33	4817.75	6327.88	6504.33	5450.93	3745.24	5682.11
K01283	41717.6	133043	80278	50217	195683	131114	191212
K01291	3823890	2630080	895671	4547200	12972500	10368600	8788860
K01298	125763	15638.2	15050.8	71476.4	21292.4	294001	151416
K01301	NA	15922.4	16003	13615	14122.4	28616.8	21030.3
K01307	NA	3963.08	4779.69	3330.4	10013.1	NA	3516.76
K01310	246515	157415	151916	312663	112957	406969	460052
K01311	2934230	3227210	2847440	2701150	3509530	2577320	3712430
K01312	1374726	269782	277938.2	1340877	240326.2	1451213	1817561
K01316	NA	31371	53467.4	36846	32082.6	29764.2	41925.2
K01319	8596.76	NA	6261.45	NA	26759.8	NA	6230.42
K01327	27303	NA	23334.5	NA	31263.9	8375.38	20049.6
K01345	7051635	6867652	8677270	7032450	7772400	7612030	12097140
K01346	123601	571873	1975730	551768	790689	2319510	3623900
K01352	11835.1	NA	40193.6	33251.1	4501.04	6504.03	11302.8
K01389	90523.5	73862	136638	137145	121027	298587	155307
K01395	229765	150759	729411	307668	1027930	114908	376580
K01488	26805.5	36215.4	34431.1	24175	NA	24628.1	33375
K01513	26916.9	12425.1	19551.9	19805.3	16708.2	24113.2	22609.6
K01540	25218.3	8309.33	6428.57	13722.2	NA	19354.9	17023.9
K01623	27334.5	10554.2	10215.7	NA	8736.73	5250.53	15125.9
K01672	NA	NA	NA	NA	NA	7667.76	NA
K01803	114260	47142.1	23599.2	44449.3	30994.1	49803.5	62008.4
K02132	97672.2	56061.7	141698	57138.1	95806.2	36014.7	108753
K02183	29688.5	NA	14841.6	14581.7	26413.7	15549.7	17601.4
K02358	11967.2	NA	NA	NA	NA	NA	NA
K02955	NA	12621	NA	6247.86	NA	4487.97	8130.46
K02981	22131.6	108605	NA	115033	13159.8	NA	12349.4
K02995	39197.2	12526.1	13078	NA	NA	NA	27186.5
K03177	NA	NA	NA	NA	NA	2139.38	2631.69
K03231	NA	20811	16027.7	11577.3	13231.4	18346.2	15084.1
K03283	10624.6	6605.29	8650.35	8635.91	NA	4119.37	20196
K03767	NA	NA	NA	NA	NA	6658.69	NA
K03910	9807.66	6979.2	7678.38	12001.8	8661.77	6871.37	12186.4
K03911	NA	23312.4	48110.6	28401.7	26755.2	25834.3	44654.4
K03935	NA	1858.08	NA	NA	2788.98	2099.42	2002.9
K03956	NA	NA	5224.97	NA	NA	5755.47	NA
K03984	220303	119382	283504	203988	140023	196222	242636
K04437	NA	4431.67	NA	2821.68	5604.72	NA	3422.88
K04565	NA	NA	NA	NA	9079.13	10156	11024.1
K04635	20885.5	NA	10382.3	NA	9773.09	15166.7	12695.2
K05027	470116	271818	225551	398658	586356	1574710	741370
K05030	17977.3	12240.3	5429.33	11291.4	15798.5	15109.2	18807.4
K05230	10996.1	14974.9	18679.1	35089.5	24245.9	66531.7	39719.4
K05692	10944.7	NA	6802.66	5842.5	6087.22	5622.46	5182.68
K05699	53105.8	49119.2	45735.7	NA	26911.3	24690.8	36275.5
K05738	41659.9	38365.5	30355.3	23702.4	18955.4	9139.42	32946.6
K05761	8114.59	5078.39	4930.19	5740.89	5533.57	9281.94	8486.66
K05765	NA	NA	8875.18	NA	5924.41	2297.78	5710.88
K05862	11660.4	14194.7	8786	5602.08	10380.3	4613.96	10188.2
K05863	NA	6551.93	8467.13	10245.3	13018.6	24707.8	12615.4
K05865	31808.5	NA	21941.6	11267.3	30059.2	31563.5	19878.6
K05970	NA	11792.9	16226.9	15596.7	NA	9676.1	18496.1
K06087	38985.9	18593.28	28483.57	28802.01	3614.03	54917.4	25161.66
K06171	NA	6099.96	9619.84	7471.87	3546.04	5560.81	5101.44
K06259	NA	NA	7490.68	10458.2	11464.8	3486.07	8899.01
K06499	910613.2	630087.6	969757.4	418317.3	697866.05	1703078	832465
K06554	NA	NA	30278.6	NA	13426.7	43283.3	29932.7
K06568	NA	NA	4513.57	NA	5072.69	6380.21	6653
K06752	NA	6293.02	20027.2	58458.8	9005.62	15542.4	11644.2
K06811	NA	NA	13669.4	28041.8	12594.2	25147.6	22772.7
K06825	NA	6244.43	NA	NA	NA	NA	NA
K06856	6051768.5	2661667.5	4892098.2	8213366.8	7961992	11692403	9170963.44
K07374	NA	NA	NA	NA	NA	5728.6	NA
K07375	8315.17	NA	NA	NA	NA	7011.79	11198.5
K07604	377587.2	6826.83	21941.7	139367.4	18849.4	14291.2	62769.37
K07605	579159.2	14184	32573.8	292207.4	27817.5	30385.22	88183.1
K07836	14874.6	NA	9704.81	NA	11042.5	6191.1	7652.86
K07887	30438.6	28831.3	19775.8	NA	NA	30574.9	30679.1
K07903	NA	NA	8474.67	NA	NA	8364.63	6829.54
K07904	NA	7760.21	14303.2	7880.89	8883.74	12287.7	10280.4
K08007	67407.7	28186.4	68099.2	20170	33561.4	46281.4	44553.3
K08069	10661.7	3482.92	28095.8	3091.43	9160.1	70315.8	21057.8
K08574	5244.08	4973.91	12997.7	5606.38	7386.35	12296.1	13210.2
K08606	27914	33126.2	39242.8	31641.2	74576.8	28268.9	37672.5
K08664	NA	5793.02	NA	4080.06	5996.42	4058.7	8080.36
K08757	NA	14766.5	NA	NA	NA	7549.47	14293
K08779	343298	385848	110180	997770	234148	4126560	2491960
K09633	11272.2	NA	6052.02	NA	4387.15	5135.68	5145.01
K09708	NA	12045.8	NA	20323.5	NA	5792.16	11323.5
K10091	52747.5	39153.7	45573.2	51508.4	45443.8	52078.8	75548.9
K10352	NA	NA	19465.5	NA	NA	NA	4859.71
K10356	NA	NA	NA	NA	NA	NA	14266.6
K10361	NA	NA	NA	NA	NA	5220.48	NA
K10371	64248.4	39370.1	63265.9	47444.4	41678.2	24864.9	43124.9
K10373	NA	13265.6	27416.1	NA	NA	NA	17898.4
K10786	NA	23922.1	44273	31816.6	NA	32008.8	37658.2
K10788	53994.2	21197.8	46567.4	59279	32906.4	83261.5	60581.8
K10789	303421	68993.5	351121	215354	576665	79880.2	261185
K10955	386806	451839	466860	550994	481340	347343	644271
K11140	153029	57845.2	95458	256449	165490	608343	678814
K11142	NA	NA	NA	19428.3	8782.14	NA	NA
K11252	NA	7705.58	12034.9	NA	5135.63	2980.94	9119.07
K11276	24812.9	18190	43049.7	33990.1	12846.9	72200.1	31528.9
K11994	NA	1505.73	6066.72	NA	NA	NA	NA
K12047	113975	213837	230694	153106	84378.9	134547	186031
K12200	22992.4	NA	15181.7	7425.39	NA	15508.2	13691.8
K12298	92942.4	72556.4	54827.2	55851.4	8922.61	254855	127013
K12311	NA	13193.8	18532.3	12085	14548.7	11982.1	17513.1
K12313	NA	NA	8185.37	6724.49	NA	5475.85	8673.57
K12316	9071.3	5654.54	10859.9	NA	NA	7276.11	10956.4
K12354	215077	219257	230824	364305	236246	282324	378684
K12557	31544.2	33031	45181	23801.6	33329.6	21671.6	38315.8
K12567	23350.2	17914.1	5875.5	19350.8	22791.1	1402.41	20679.9
K13073	645262	472868	949499	1268480	1033100	1910290	1012150
K13197	NA	3614.26	NA	33845.9	25509.7	NA	6256.4
K13438	27201.5	16334.2	30498.3	NA	32794.6	25585.4	24209.7
K13625	20943.7	28129.8	30261.4	15420.5	9968.37	11918.8	27909.9
K13822	62282.1	596584	103401	54218.7	112555	104523	125597
K13823	NA	NA	9225.21	NA	26689.7	NA	12358.9
K13908	51863.6	28214.9	44814	27915.8	36283.9	41121.47	71006.1
K13912	592779	369577	1021580	919719	628966	2141540	1578300
K13963	222201	307473	529550	391641	173494	329372	475527
K14073	NA	44089	40808.7	161946	27559	128192	127026
K14208	449891	573763	412728	447675	683020	1870290	853708
K14210	NA	10634	23325.8	36943.1	11711.9	56123.4	17616.1
K14365	106204	77379.1	193294	99504.2	42277.4	89422.6	95612.8
K14592	NA	5543.43	8953.44	9550.05	10940.3	5721.35	9441.87
K14677	15359.2	16051	16610.7	32669	9895.78	37248.9	28470
K15041	18820.9	10217.3	7247.07	9754.13	9287.81	6957.82	13551.2
K16141	227726	132617	203390	161323	229810	78738.7	377924
K16142	9461.03	NA	7126.73	3475.01	20765.7	NA	6276.33
K16502	354345	418628	413786	300335	723236	77538.1	347646
K16505	7933.79	68249.5	167664	296243	94237.6	88486.1	125048
K16646	NA	1899.41	5145.09	3313.03	2585.12	5154.77	2733.08
K17089	3696.73	NA	NA	NA	NA	2831.38	2790.41
K17091	18390.9	NA	12594.9	NA	18141.3	184568	24933.8
K17092	246370	247113	353034	215350	455783	498633	381412
K17093	173417	31140.2	63898.9	52788.5	40848.1	102113	50391.2
K17095	41526.9	26429.4	42123.3	38198.1	24304.2	48314.3	44995.2
K17255	NA	NA	3650.18	NA	NA	2605.16	NA
K17259	8352.87	NA	NA	4391.43	5473.62	8312.25	7362.11
K17277	33332.7	NA	15195.1	NA	NA	45287.6	35161.5
K17283	115330	19749.7	87459.9	53770.4	148967	25276.5	75707.9
K17285	25100.7	37889.7	34803.8	26132.2	30121.7	23935.1	38352.5
K17298	332228	189542	360428	428356	195187	1150640	465951
K17300	20613.3	68521	109310	97469.8	80555.9	48864.5	70735.6
K17527	751752	927515	2075779	1541351	1547665	2610360	1592039
K17751	38120.1	46876.4	86257.6	40644.7	73587	57877.2	73079.2
K18152	NA	8435.84	10586.8	9921.36	6010.43	NA	NA
K18246	16938.5	12359	15553.4	19493.1	18853.5	39024.5	15036.8
K19719	36970.3	44930.9	24750.8	21730.8	46567.2	NA	36026.9
K19720	95316.8	11534.4	18301.2	75523.4	80790.5	467768	132160
K19867	NA	9467.66	10105.8	NA	7348.28	14720.1	8402.7
K19899	842327	825489	11566.5	1265180	482598	980616	990210
K19970	6994.23	5579.47	8622.65	9447.67	10921.1	6960.08	7457
K20349	NA	8629.18	NA	5896.99	NA	4214.68	NA
K20369	NA	28919.5	13189.3	7591.06	5189.21	8359.06	7226.9
K20731	7891.63	NA	36126	35414.4	28365.9	22494.5	34722
K21073	NA	15017.3	18157.7	27302.2	NA	6633.46	14590.6
K21100	NA	NA	NA	13417.6	NA	NA	14427.2
K21127	2088410	107030	1169550	379432	4077360	198292	868520
K21128	466402	25139.9	220969	83318.6	796534	44981.5	177624
K21129	264108	104206	314982	192709	187348	99304.4	209449
K21868	NA	NA	NA	NA	NA	2051.86	NA
K22017	NA	NA	NA	NA	NA	10740.3	6439.91
K22023	8496.22	6019.73	NA	13395.1	NA	24269.8	17868.2
K22387	NA	11335.8	10268.3	8428.31	NA	10562.9	13092.1
K22453	590049	135216	273674	168097	13419.6	3552000	1010890
K22970	NA	NA	NA	NA	NA	19042.2	NA
K23009	16480	17934	27576.3	10316.5	15447.6	33149.2	23382.1
K23113	NA	3628.77	NA	NA	NA	NA	12644.8
K23425	68133.3	49923.3	96156.9	62168.7	46363.4	75067.4	77890.8
K23430	NA	13557.3	NA	NA	NA	5011.41	9495.34
K23468	26506.5	26562.8	15171.9	12000.4	9434.37	9121.23	20437.9
K23594	NA	4602.26	3729.64	NA	3855.59	3898.57	4202.9
K23757	6594.98	NA	NA	5491.87	NA	NA	2583.84
K23879	NA	NA	3452.45	NA	4421.12	22866.7	8893.77
K23902	NA	NA	NA	NA	NA	16352.4	11530.6
K24057	NA	NA	NA	NA	NA	6798.03	3550.84
K24205	16305.9	NA	8752.87	NA	NA	13982.6	9369.57
K24220	139115.2	217562.6	282683.8	137084	137563.7	105431.6	244629.6
K24332	NA	7170.56	10399.9	12641.3	6942.07	7405.64	9036.08
K24524	NA	NA	NA	NA	NA	7744.89	7176.19
K24665	70762.1	25225.6	121892	60135.6	239404	24699.1	65106.2
K24793	339506	358939	172888	284284	243980	323548	358884
K25447	NA	12587	12246.7	14319.7	23678.6	10104	12886.3
K25567	421912	274572	888757	1002100	750768	1576750	901150
K25717	54602.5	21634.9	93286.7	89638.6	882341	25160	134819
K25722	NA	6609.02	31763.1	24984	9752.66	47019.8	24393.8
K25727	383354	NA	8163.57	16078.8	83428.3	80548.6	175276
K25747	1117050	638237	987102	705751	940787	562017	879544
K26099	28513.3	7097.06	17220.4	15604.3	6198.43	39164.9	13850.6
K27382	172434	96718.3	117775	107584	82826.9	50507.6	115814
